ISBN,bookRating,ratingCount
006447027X,2.2,10
037570633X,2.875,8
3442725283,2.2857142857142856,7
3453199170,3.2857142857142856,7
3442091411,3.4285714285714284,7
