ISBN,bookRating,ratingCount
014029628X,3.2931937172774868,191
031298328X,2.189542483660131,153
1400031362,3.0703125,128
034543479X,2.377049180327869,122
042513699X,1.7433628318584071,113
1400031346,3.7264150943396226,106
1565122968,2.78494623655914,93
044922046X,3.2285714285714286,70
1551669498,2.3,70
051511264X,1.476923076923077,65
055357695X,2.737704918032787,61
015602943X,4.035714285714286,56
