ISBN,bookRating,ratingCount
051513628X,2.9779411764705883,136
034536676X,4.472222222222222,108
067100042X,2.25,100
044900371X,3.5060240963855422,83
067164257X,2.3292682926829267,82
