ISBN,bookRating,ratingCount
044023722X,3.187017001545595,647
067976402X,3.255700325732899,614
044021145X,3.0756143667296785,529
1400034779,3.417633410672854,431
044651652X,3.1005434782608696,368
006101351X,2.392857142857143,364
068484477X,2.9530791788856305,341
043935806X,5.57185628742515,334
080410753X,2.8754578754578755,273
014028009X,3.751851851851852,270
1558743669,4.091603053435114,262
080410526X,2.8910505836575875,257
