ISBN,bookRating,ratingCount
067102731X,2.0238095238095237,42
042513329X,1.9444444444444444,36
1579546463,4.485714285714286,35
044651506X,2.515151515151515,33
055380250X,2.3125,32
